id;nom;prenom;mail;genre;mot_de_passe;naissance;list_carac
1;connect Connecticut;Platinum Profound;coherent Station;FEMININ;Toys;front-end;Wooden back up extensible
2;Buckinghamshire Steel Computers;Vista;orchid Licensed;FEMININ;XSS reintermediate;partnerships Grass-roots;New York
3;Planner;Won Soap;withdrawal;MASCULIN;extensible Incredible Armenian Dram;Checking Account Exclusive;firewall Panama
4;Home Loan Account local application;Orchard digital Implementation;Stand-alone Views;MASCULIN;Chief Forward;backing up solutions pixel;Director
5;Fantastic Plastic Pizza back up Rand Loti;Philippine Peso B2B;Analyst;FEMININ;Berkshire;Usability;Pass
6;optimizing;deploy;Soap web-enabled Digitized;MASCULIN;Handcrafted Soft Salad;Direct reinvent Liaison;Branding Orchestrator Bike
7;global Self-enabling;deposit;Movies Iraq parse;FEMININ;Strategist Orchestrator Practical;synthesizing impactful Networked;Venezuela Mandatory
8;solution navigate;deposit;Outdoors infrastructures productivity;FEMININ;Wooden;Avon Tuna;Tuna Baby Buckinghamshire
9;Prairie Visionary;generate;Computer;MASCULIN;engineer Directives Inlet;reinvent Frozen;firewall Kwanza
10;recontextualize virtual;Concrete;Awesome Steel Hat South Carolina hacking;MASCULIN;Chips;dynamic green;Wooden
